player_name,nationality,is_retired,backed_up_at
A Athanaze,,,2026-04-23T13:39:47Z
A Balbirnie,,,2026-04-23T13:39:47Z
A Bosch,,,2026-04-23T13:39:47Z
A Brindle,,,2026-04-23T13:39:47Z
A Chopra,,,2026-04-23T13:39:47Z
A Dananjaya,,,2026-04-23T13:39:47Z
A Dercksen,,,2026-04-23T13:39:47Z
A Flintoff,,,2026-04-23T13:39:47Z
A Gardner,,,2026-04-23T13:39:47Z
A Hlubi,,,2026-04-23T13:39:47Z
A Kamboj,,,2026-04-23T13:39:47Z
A Khan,,,2026-04-23T13:39:47Z
A King,,,2026-04-23T13:39:47Z
A Kumble,,,2026-04-23T13:39:47Z
A Lyth,,,2026-04-23T13:39:47Z
A McGrath,,,2026-04-23T13:39:47Z
A Mishra,,,2026-04-23T13:39:47Z
A Mithun,,,2026-04-23T13:39:47Z
A Mukund,,,2026-04-23T13:39:47Z
A Ndlovu,,,2026-04-23T13:39:47Z
A Nehra,,,2026-04-23T13:39:47Z
A Nel,,,2026-04-23T13:39:47Z
A Nortje,,,2026-04-23T13:39:47Z
A Phillip,,,2026-04-23T13:39:47Z
A Shahzad,,,2026-04-23T13:39:47Z
A Sharma,,,2026-04-23T13:39:47Z
A Shrubsole,,,2026-04-23T13:39:47Z
A Steyn,,,2026-04-23T13:39:47Z
A Sutherland,,,2026-04-23T13:39:47Z
A Symonds,,,2026-04-23T13:39:47Z
A Wellington,,,2026-04-23T13:39:47Z
AA Jangoo,,,2026-04-23T13:39:47Z
Aamer Jamal,Pakistan,,2026-04-23T13:39:47Z
AAP Atkinson,,,2026-04-23T13:39:47Z
AB Agarkar,,,2026-04-23T13:39:47Z
AB Barath,,,2026-04-23T13:39:47Z
AB de Villiers,,,2026-04-23T13:39:47Z
AB Fudadin,,,2026-04-23T13:39:47Z
AB McDonald,,,2026-04-23T13:39:47Z
Abdul Razzaq,Pakistan,,2026-04-23T13:39:47Z
Abdullah Shafique,Pakistan,,2026-04-23T13:39:47Z
Abdur Rauf,Pakistan,,2026-04-23T13:39:47Z
Abdur Razzak,Bangladesh,,2026-04-23T13:39:47Z
Abdur Rehman,Pakistan,,2026-04-23T13:39:47Z
Abid Ali,Pakistan,,2026-04-23T13:39:47Z
Abrar Ahmed,Pakistan,,2026-04-23T13:39:47Z
Abu Jayed,Bangladesh,,2026-04-23T13:39:47Z
Abul Hasan,Bangladesh,,2026-04-23T13:39:47Z
AC Agar,,,2026-04-23T13:39:47Z
AC Gilchrist,,,2026-04-23T13:39:47Z
AC Voges,,,2026-04-23T13:39:47Z
AD Hales,,,2026-04-23T13:39:47Z
AD Mathews,,,2026-04-23T13:39:47Z
AD Russell,,,2026-04-23T13:39:47Z
Adnan Akmal,Pakistan,,2026-04-23T13:39:47Z
AE Jones,,,2026-04-23T13:39:47Z
AF Giles,,,2026-04-23T13:39:47Z
Aftab Ahmed,Bangladesh,,2026-04-23T13:39:47Z
AG Cremer,,,2026-04-23T13:39:47Z
AG Prince,,,2026-04-23T13:39:47Z
Agha Salman,Pakistan,,2026-04-23T13:39:47Z
Ahmed Shehzad,Pakistan,,2026-04-23T13:39:47Z
Aizaz Cheema,Pakistan,,2026-04-23T13:39:47Z
AJ Bichel,Australia,,2026-04-23T13:39:47Z
AJ Blackwell,Australia,,2026-04-23T13:39:47Z
AJ Doolan,Australia,,2026-04-23T13:39:47Z
AJ Finch,Australia,,2026-04-23T13:39:47Z
AJ Hall,South Africa,,2026-04-23T13:39:47Z
AJ Healy,Australia,,2026-04-23T13:39:47Z
AJ McKay,New Zealand,,2026-04-23T13:39:47Z
AJ Redmond,New Zealand,,2026-04-23T13:39:47Z
AJ Stewart,England,,2026-04-23T13:39:47Z
AJ Strauss,England,,2026-04-23T13:39:47Z
AK Markram,South Africa,,2026-04-23T13:39:47Z
Akash Deep,India,,2026-04-23T13:39:47Z
AL Phehlukwayo,South Africa,,2026-04-23T13:39:47Z
Al Sahariar,Bangladesh,,2026-04-23T13:39:47Z
Al-Amin Hossain,Bangladesh,,2026-04-23T13:39:47Z
Alok Kapali,Bangladesh,,2026-04-23T13:39:47Z
AM Blignaut,Zimbabwe,,2026-04-23T13:39:47Z
AM Fernando,Sri Lanka,,2026-04-23T13:39:47Z
AM Rahane,India,,2026-04-23T13:39:47Z
AN Cook,England,,2026-04-23T13:39:47Z
AN Davidson-Richards,England,,2026-04-23T13:39:47Z
AN Petersen,South Africa,,2026-04-23T13:39:47Z
Anamul Haque,Bangladesh,,2026-04-23T13:39:47Z
Andrew Flintoff,England,,2026-04-23T13:39:47Z
Anwar Hossain Monir,Bangladesh,,2026-04-23T13:39:47Z
AR Caddick,England,,2026-04-23T13:39:47Z
AR McBrine,Ireland,,2026-04-23T13:39:47Z
AR Patel,India,,2026-04-23T13:39:47Z
Ariful Haque,Bangladesh,,2026-04-23T13:39:47Z
ARS Silva,Sri Lanka,,2026-04-23T13:39:47Z
AS Jaggernauth,West Indies,,2026-04-23T13:39:47Z
AS Joseph,West Indies,,2026-04-23T13:39:47Z
Asad Shafiq,Pakistan,,2026-04-23T13:39:47Z
Asif Afridi,Pakistan,,2026-04-23T13:39:47Z
Asim Kamal,Pakistan,,2026-04-23T13:39:47Z
AT Carey,Australia,,2026-04-23T13:39:47Z
AU Rashid,England,,2026-04-23T13:39:47Z
AY Patel,New Zealand,,2026-04-23T13:39:47Z
AZ Lees,England,,2026-04-23T13:39:47Z
Azhar Ali,Pakistan,,2026-04-23T13:39:47Z
B Casson,Australia,,2026-04-23T13:39:47Z
B Doggett,Australia,,2026-04-23T13:39:47Z
B Evans,Zimbabwe,,2026-04-23T13:39:47Z
B Kumar,India,,2026-04-23T13:39:47Z
B Lee,Australia,,2026-04-23T13:39:47Z
B Mavuta,Zimbabwe,,2026-04-23T13:39:47Z
B Muzarabani,Zimbabwe,,2026-04-23T13:39:47Z
B Sai Sudharsan,India,,2026-04-23T13:39:47Z
B White,,,2026-04-23T13:39:47Z
BA Carse,England,,2026-04-23T13:39:47Z
BA King,West Indies,,2026-04-23T13:39:47Z
BA Parchment,West Indies,,2026-04-23T13:39:47Z
BA Stokes,England,,2026-04-23T13:39:47Z
BA Williams,Australia,,2026-04-23T13:39:47Z
Babar Azam,Pakistan,,2026-04-23T13:39:47Z
BAW Mendis,Sri Lanka,,2026-04-23T13:39:47Z
BB Chari,Zimbabwe,,2026-04-23T13:39:47Z
BB McCullum,New Zealand,,2026-04-23T13:39:47Z
BC Lara,West Indies,,2026-04-23T13:39:47Z
BE Hendricks,South Africa,,2026-04-23T13:39:47Z
BE McGain,Australia,,2026-04-23T13:39:47Z
BG Rogers,,,2026-04-23T13:39:47Z
Bilal Asif,Pakistan,,2026-04-23T13:39:47Z
Bilawal Bhatti,Pakistan,,2026-04-23T13:39:47Z
BJ Arnel,New Zealand,,2026-04-23T13:39:47Z
BJ Bennett,,,2026-04-23T13:39:47Z
BJ Bess,West Indies,,2026-04-23T13:39:47Z
BJ Clark,Australia,,2026-04-23T13:39:47Z
BJ Curran,,,2026-04-23T13:39:47Z
BJ Haddin,Australia,,2026-04-23T13:39:47Z
BJ Hodge,Australia,,2026-04-23T13:39:47Z
BJ McCarthy,Ireland,,2026-04-23T13:39:47Z
BJ Watling,New Zealand,,2026-04-23T13:39:47Z
BJ Webster,Australia,,2026-04-23T13:39:47Z
BKG Mendis,Sri Lanka,,2026-04-23T13:39:47Z
BL Mooney,Australia,,2026-04-23T13:39:47Z
BL Morgan,England,,2026-04-23T13:39:47Z
BM Duckett,England,,2026-04-23T13:39:47Z
BM Tickner,New Zealand,,2026-04-23T13:39:47Z
BOP Fernando,Sri Lanka,,2026-04-23T13:39:47Z
BP Martin,New Zealand,,2026-04-23T13:39:47Z
BP Nash,West Indies,,2026-04-23T13:39:47Z
BRM Taylor,Zimbabwe,,2026-04-23T13:39:47Z
BS Mudzinganyama,Zimbabwe,,2026-04-23T13:39:47Z
BT Foakes,England,,2026-04-23T13:39:47Z
BV Sears,Australia,,2026-04-23T13:39:47Z
BV Vitori,Zimbabwe,,2026-04-23T13:39:47Z
BW Hilfenhaus,Australia,,2026-04-23T13:39:47Z
C Bosch,South Africa,,2026-04-23T13:39:47Z
C Campher,Ireland,,2026-04-23T13:39:47Z
C Carmichael,,,2026-04-23T13:39:47Z
C Connolly,,,2026-04-23T13:39:47Z
C de Grandhomme,New Zealand,,2026-04-23T13:39:47Z
C Fortuin,South Africa,,2026-04-23T13:39:47Z
C Green,Australia,,2026-04-23T13:39:47Z
C Karunaratne,Sri Lanka,,2026-04-23T13:39:47Z
C Madande,Zimbabwe,,2026-04-23T13:39:47Z
C Munro,New Zealand,,2026-04-23T13:39:47Z
C Overton,England,,2026-04-23T13:39:47Z
C White,England,,2026-04-23T13:39:47Z
CA Pujara,India,,2026-04-23T13:39:47Z
CA Young,Ireland,,2026-04-23T13:39:47Z
CAK Rajitha,Sri Lanka,,2026-04-23T13:39:47Z
CAK Walton,West Indies,,2026-04-23T13:39:47Z
CB Mpofu,Zimbabwe,,2026-04-23T13:39:47Z
CB Wishart,Zimbabwe,,2026-04-23T13:39:47Z
CBRLS Kumara,Sri Lanka,,2026-04-23T13:39:47Z
CD Collymore,West Indies,,2026-04-23T13:39:47Z
CD Cumming,New Zealand,,2026-04-23T13:39:47Z
CD McMillan,New Zealand,,2026-04-23T13:39:47Z
CE Dean,England,,2026-04-23T13:39:47Z
CE Taylor,England,,2026-04-23T13:39:47Z
CFK van Wyk,New Zealand,,2026-04-23T13:39:47Z
CH Gayle,West Indies,,2026-04-23T13:39:47Z
CH Morris,South Africa,,2026-04-23T13:39:47Z
CJ Anderson,New Zealand,,2026-04-23T13:39:47Z
CJ Chibhabha,Zimbabwe,,2026-04-23T13:39:47Z
CJ Connor,England,,2026-04-23T13:39:47Z
CJ Ferguson,Australia,,2026-04-23T13:39:47Z
CJ Jordan,England,,2026-04-23T13:39:47Z
CJ McKay,Australia,,2026-04-23T13:39:47Z
CJ Sayers,Australia,,2026-04-23T13:39:47Z
CJL Rogers,Australia,,2026-04-23T13:39:47Z
CK Coventry,Zimbabwe,,2026-04-23T13:39:47Z
CK Holder,West Indies,,2026-04-23T13:39:47Z
CK Kapugedera,Sri Lanka,,2026-04-23T13:39:47Z
CK Langeveldt,South Africa,,2026-04-23T13:39:47Z
CK Tshuma,Zimbabwe,,2026-04-23T13:39:47Z
CKB Kulasekara,Sri Lanka,,2026-04-23T13:39:47Z
CL Cairns,New Zealand,,2026-04-23T13:39:47Z
CL Fitzpatrick,Australia,,2026-04-23T13:39:47Z
CL Tryon,South Africa,,2026-04-23T13:39:47Z
CL White,Australia,,2026-04-23T13:39:47Z
CM Edwards,England,,2026-04-23T13:39:47Z
CM Willoughby,South Africa,,2026-04-23T13:39:47Z
CMG Atkins,England,,2026-04-23T13:39:47Z
CMW Read,England,,2026-04-23T13:39:47Z
CN Evans,Wales,,2026-04-23T13:39:47Z
CO Browne,West Indies,,2026-04-23T13:39:47Z
Codi Yusuf,,,2026-04-23T13:39:47Z
CR Brathwaite,West Indies,,2026-04-23T13:39:47Z
CR Ervine,Zimbabwe,,2026-04-23T13:39:47Z
CR Woakes,England,,2026-04-23T13:39:47Z
CRD Fernando,Sri Lanka,,2026-04-23T13:39:47Z
CS Baugh,West Indies,,2026-04-23T13:39:47Z
CS Martin,New Zealand,,2026-04-23T13:39:47Z
CT Bancroft,Australia,,2026-04-23T13:39:47Z
CT Mumba,Zimbabwe,,2026-04-23T13:39:47Z
CT Mutombodzi,Zimbabwe,,2026-04-23T13:39:47Z
CT Tremlett,England,,2026-04-23T13:39:47Z
D Bishoo,West Indies,,2026-04-23T13:39:47Z
D Brevis,South Africa,,2026-04-23T13:39:47Z
D Brown,,,2026-04-23T13:39:47Z
D Dasgupta,India,,2026-04-23T13:39:47Z
D Elgar,South Africa,,2026-04-23T13:39:47Z
D Ganga,West Indies,,2026-04-23T13:39:47Z
D Gough,England,,2026-04-23T13:39:47Z
D Hazell,England,,2026-04-23T13:39:47Z
D Hemalatha,,,2026-04-23T13:39:47Z
D Madushanka,Sri Lanka,,2026-04-23T13:39:47Z
D Mohammed,,,2026-04-23T13:39:47Z
D Myers,Zimbabwe,,2026-04-23T13:39:47Z
D Olivier,South Africa,,2026-04-23T13:39:47Z
D Padikkal,India,,2026-04-23T13:39:47Z
D Paterson,South Africa,,2026-04-23T13:39:47Z
D Pretorius,South Africa,,2026-04-23T13:39:47Z
D Ramdin,West Indies,,2026-04-23T13:39:47Z
D Tucker,,,2026-04-23T13:39:47Z
DA Warner,Australia,,2026-04-23T13:39:47Z
DAJ Bracewell,New Zealand,,2026-04-23T13:39:47Z
Danish Kaneria,Pakistan,,2026-04-23T13:39:47Z
DAS Gunaratne,Sri Lanka,,2026-04-23T13:39:47Z
DB Sharma,,,2026-04-23T13:39:47Z
DBL Powell,,,2026-04-23T13:39:47Z
DC Thomas,West Indies,,2026-04-23T13:39:47Z
DD Ebrahim,Zimbabwe,,2026-04-23T13:39:47Z
DE Bernard,West Indies,,2026-04-23T13:39:47Z
DE Bollinger,Australia,,2026-04-23T13:39:47Z
Dewald Pretorius,South Africa,,2026-04-23T13:39:47Z
DG Bedingham,South Africa,,2026-04-23T13:39:47Z
DG Brownlie,New Zealand,,2026-04-23T13:39:47Z
Dhruv Jurel,India,,2026-04-23T13:39:47Z
DJ Bravo,West Indies,,2026-04-23T13:39:47Z
DJ Malan,England,,2026-04-23T13:39:47Z
DJ Mitchell,New Zealand,,2026-04-23T13:39:47Z
DJ Pattinson,England,,2026-04-23T13:39:47Z
DJ Terbrugge,,,2026-04-23T13:39:47Z
DJ Vilas,South Africa,,2026-04-23T13:39:47Z
DJG Sammy,West Indies,,2026-04-23T13:39:47Z
DL Piedt,South Africa,,2026-04-23T13:39:47Z
DL Vettori,New Zealand,,2026-04-23T13:39:47Z
DM Bess,England,,2026-04-23T13:39:47Z
DM Bravo,West Indies,,2026-04-23T13:39:47Z
DM de Silva,Sri Lanka,,2026-04-23T13:39:47Z
DM Richards,West Indies,,2026-04-23T13:39:47Z
DM Washington,,,2026-04-23T13:39:47Z
DN Wellalage,Sri Lanka,,2026-04-23T13:39:47Z
DN Wyatt,England,,2026-04-23T13:39:47Z
DP Conway,New Zealand,,2026-04-23T13:39:47Z
DP Sibley,England,,2026-04-23T13:39:47Z
DPMD Jayawardene,Sri Lanka,,2026-04-23T13:39:47Z
DR Flynn,New Zealand,,2026-04-23T13:39:47Z
DR Martyn,Australia,,2026-04-23T13:39:47Z
DR Smith,West Indies,,2026-04-23T13:39:47Z
DR Tuffey,New Zealand,,2026-04-23T13:39:47Z
DS Lehmann,Australia,,2026-04-23T13:39:47Z
DS Smith,West Indies,,2026-04-23T13:39:47Z
DT Tiripano,Zimbabwe,,2026-04-23T13:39:47Z
DW Lawrence,England,,2026-04-23T13:39:47Z
DW Steyn,South Africa,,2026-04-23T13:39:47Z
E Bisht,India,,2026-04-23T13:39:47Z
E Chigumbura,Zimbabwe,,2026-04-23T13:39:47Z
E Liddell,,,2026-04-23T13:39:47Z
EA Osborne,Australia,,2026-04-23T13:39:47Z
EA Perry,Australia,,2026-04-23T13:39:47Z
Ebadat Hossain,Bangladesh,,2026-04-23T13:39:47Z
EC Joyce,Ireland,,2026-04-23T13:39:47Z
Ehsan Adil,Pakistan,,2026-04-23T13:39:47Z
EJ Villani,Australia,,2026-04-23T13:39:47Z
EJG Morgan,Ireland,,2026-04-23T13:39:47Z
EJM Cowan,Australia,,2026-04-23T13:39:47Z
EL Lamb,England,,2026-04-23T13:39:47Z
Elias Sunny,Bangladesh,,2026-04-23T13:39:47Z
EM Moore,,,2026-04-23T13:39:47Z
EM Sampson,,,2026-04-23T13:39:47Z
Enamul Haque jnr,Bangladesh,,2026-04-23T13:39:47Z
ET Smith,England,,2026-04-23T13:39:47Z
F de Wet,South Africa,,2026-04-23T13:39:47Z
F du Plessis,South Africa,,2026-04-23T13:39:47Z
F Hand,Ireland,,2026-04-23T13:39:47Z
F Mutizwa,Zimbabwe,,2026-04-23T13:39:47Z
Faheem Ashraf,Pakistan,,2026-04-23T13:39:47Z
Faisal Iqbal,Pakistan,,2026-04-23T13:39:47Z
Fakhar Zaman,Pakistan,,2026-04-23T13:39:47Z
Farhan Adil,,,2026-04-23T13:39:47Z
Fawad Alam,Pakistan,,2026-04-23T13:39:47Z
Fazl-e-Akbar,,,2026-04-23T13:39:47Z
FC Wilson,,,2026-04-23T13:39:47Z
FDM Karunaratne,Sri Lanka,,2026-04-23T13:39:47Z
FH Edwards,West Indies,,2026-04-23T13:39:47Z
FL Reifer,West Indies,,2026-04-23T13:39:47Z
G Coetzee,South Africa,,2026-04-23T13:39:47Z
G Gambhir,India,,2026-04-23T13:39:47Z
G Hoey,,,2026-04-23T13:39:47Z
G Kirsten,South Africa,,2026-04-23T13:39:47Z
G Motie,West Indies,,2026-04-23T13:39:47Z
G Onions,England,,2026-04-23T13:39:47Z
G Voll,Australia,,2026-04-23T13:39:47Z
G Wareham,Australia,,2026-04-23T13:39:47Z
GA Elwiss,England,,2026-04-23T13:39:47Z
GA Lamb,Zimbabwe,,2026-04-23T13:39:47Z
GA Manou,Australia,,2026-04-23T13:39:47Z
GA Stuurman,South Africa,,2026-04-23T13:39:47Z
GB Hogg,Australia,,2026-04-23T13:39:47Z
GC Smith,South Africa,,2026-04-23T13:39:47Z
GC Tonge,West Indies,,2026-04-23T13:39:47Z
GC Viljoen,South Africa,,2026-04-23T13:39:47Z
GC Wilson,Ireland,,2026-04-23T13:39:47Z
GD Elliott,New Zealand,,2026-04-23T13:39:47Z
GD McGrath,Australia,,2026-04-23T13:39:47Z
GD Phillips,New Zealand,,2026-04-23T13:39:47Z
GF Linde,South Africa,,2026-04-23T13:39:47Z
GH Dockrell,Ireland,,2026-04-23T13:39:47Z
GH Vihari,India,,2026-04-23T13:39:47Z
GI Hume,Ireland,,2026-04-23T13:39:47Z
GJ Bailey,Australia,,2026-04-23T13:39:47Z
GJ Batty,England,,2026-04-23T13:39:47Z
GJ Hopkins,New Zealand,,2026-04-23T13:39:47Z
GJ Maxwell,Australia,,2026-04-23T13:39:47Z
GM Ewing,,,2026-04-23T13:39:47Z
GO Jones,England,,2026-04-23T13:39:47Z
GP Swann,England,,2026-04-23T13:39:47Z
GP Thorpe,England,,2026-04-23T13:39:47Z
GS Ballance,England,,2026-04-23T13:39:47Z
GS Dinusha,,,2026-04-23T13:39:47Z
H Hameed,England,,2026-04-23T13:39:47Z
H Kala,India,,2026-04-23T13:39:47Z
H Kaur,India,,2026-04-23T13:39:47Z
H Klaasen,South Africa,,2026-04-23T13:39:47Z
H Masakadza,Zimbabwe,,2026-04-23T13:39:47Z
Habibul Bashar,Bangladesh,,2026-04-23T13:39:47Z
Hannan Sarkar,Bangladesh,,2026-04-23T13:39:47Z
HAPW Jayawardene,Sri Lanka,,2026-04-23T13:39:47Z
Harbhajan Singh,India,,2026-04-23T13:39:47Z
Haris Rauf,Pakistan,,2026-04-23T13:39:47Z
Haris Sohail,Pakistan,,2026-04-23T13:39:47Z
Harshit Rana,India,,2026-04-23T13:39:47Z
Hasan Ali,Pakistan,,2026-04-23T13:39:47Z
Hasan Mahmud,Bangladesh,,2026-04-23T13:39:47Z
Hasan Murad,,,2026-04-23T13:39:47Z
Hasan Raza,Pakistan,,2026-04-23T13:39:47Z
HC Brook,England,,2026-04-23T13:39:47Z
HC Knight,England,,2026-04-23T13:39:47Z
HD Rutherford,New Zealand,,2026-04-23T13:39:47Z
HDPK Dharmasena,,,2026-04-23T13:39:47Z
HDRL Thirimanne,Sri Lanka,,2026-04-23T13:39:47Z
HE van der Dussen,South Africa,,2026-04-23T13:39:47Z
HG Kuhn,South Africa,,2026-04-23T13:39:47Z
HH Dippenaar,South Africa,,2026-04-23T13:39:47Z
HH Gibbs,South Africa,,2026-04-23T13:39:47Z
HH Pandya,India,,2026-04-23T13:39:47Z
HH Streak,Zimbabwe,,2026-04-23T13:39:47Z
HJH Marshall,New Zealand,,2026-04-23T13:39:47Z
HK Bennett,New Zealand,,2026-04-23T13:39:47Z
HL Colvin,England,,2026-04-23T13:39:47Z
HL Ferling,Australia,,2026-04-23T13:39:47Z
HM Amla,South Africa,,2026-04-23T13:39:47Z
HM Nicholls,New Zealand,,2026-04-23T13:39:47Z
HMCM Bandara,Sri Lanka,,2026-04-23T13:39:47Z
HMRKB Herath,Sri Lanka,,2026-04-23T13:39:47Z
HP Tillakaratne,Sri Lanka,,2026-04-23T13:39:47Z
HT Tector,Ireland,,2026-04-23T13:39:47Z
HWR Cartwright,Australia,,2026-04-23T13:39:47Z
I Kaia,Zimbabwe,,2026-04-23T13:39:47Z
I Khan,Pakistan,,2026-04-23T13:39:47Z
I Sharma,India,,2026-04-23T13:39:47Z
ID Blackwell,England,,2026-04-23T13:39:47Z
IDR Bradshaw,West Indies,,2026-04-23T13:39:47Z
IE O'Brien,New Zealand,,2026-04-23T13:39:47Z
IECM Wong,,,2026-04-23T13:39:47Z
Iftikhar Ahmed,Pakistan,,2026-04-23T13:39:47Z
Iftikhar Anjum,Pakistan,,2026-04-23T13:39:47Z
IG Butler,New Zealand,,2026-04-23T13:39:47Z
IJL Trott,England,,2026-04-23T13:39:47Z
IK Pathan,India,,2026-04-23T13:39:47Z
Imam-ul-Haq,Pakistan,,2026-04-23T13:39:47Z
Imran Butt,Pakistan,,2026-04-23T13:39:47Z
Imran Farhat,Pakistan,,2026-04-23T13:39:47Z
Imran Khan,Pakistan,,2026-04-23T13:39:47Z
Imran Tahir,South Africa,,2026-04-23T13:39:47Z
Imrul Kayes,Bangladesh,,2026-04-23T13:39:47Z
Inzamam-ul-Haq,Pakistan,,2026-04-23T13:39:47Z
IR Bell,England,,2026-04-23T13:39:47Z
IS Sodhi,New Zealand,,2026-04-23T13:39:47Z
Ishan Kishan,India,,2026-04-23T13:39:47Z
IT Guha,England,,2026-04-23T13:39:47Z
J Blackwood,West Indies,,2026-04-23T13:39:47Z
J Botha,South Africa,,2026-04-23T13:39:47Z
J Campbell,West Indies,,2026-04-23T13:39:47Z
J Da Silva,West Indies,,2026-04-23T13:39:47Z
J Goswami,India,,2026-04-23T13:39:47Z
J Gumbie,Zimbabwe,,2026-04-23T13:39:47Z
J Hayes,,,2026-04-23T13:39:47Z
J Hull,,,2026-04-23T13:39:47Z
J Layne,,,2026-04-23T13:39:47Z
J Lewis,,,2026-04-23T13:39:47Z
J Mubarak,Sri Lanka,,2026-04-23T13:39:47Z
J Neill,null,,2026-04-23T13:39:47Z
J Nyumbu,Zimbabwe,,2026-04-23T13:39:47Z
J Overton,England,,2026-04-23T13:39:47Z
J Smit,Namibia,,2026-04-23T13:39:47Z
J Srinath,India,,2026-04-23T13:39:47Z
J Weatherald,Australia,,2026-04-23T13:39:47Z
J Yadav,India,,2026-04-23T13:39:47Z
JA Burns,Australia,,2026-04-23T13:39:47Z
JA Duffy,New Zealand,,2026-04-23T13:39:47Z
JA McCollum,Ireland,,2026-04-23T13:39:47Z
JA Morkel,South Africa,,2026-04-23T13:39:47Z
JA Raval,New Zealand,,2026-04-23T13:39:47Z
JA Richardson,Australia,,2026-04-23T13:39:47Z
JA Rudolph,South Africa,,2026-04-23T13:39:47Z
JA Warrican,West Indies,,2026-04-23T13:39:47Z
JAH Marshall,New Zealand,,2026-04-23T13:39:47Z
Jahurul Islam,Bangladesh,,2026-04-23T13:39:47Z
Jaker Ali,,,2026-04-23T13:39:47Z
James Bracey,England,,2026-04-23T13:39:47Z
Javed Omar,Bangladesh,,2026-04-23T13:39:47Z
JC Archer,England,,2026-04-23T13:39:47Z
JC Buttler,England,,2026-04-23T13:39:47Z
JC Price,,,2026-04-23T13:39:47Z
JC Tongue,England,,2026-04-23T13:39:47Z
JC Tredwell,England,,2026-04-23T13:39:47Z
JD Campbell,West Indies,,2026-04-23T13:39:47Z
JD Ryder,New Zealand,,2026-04-23T13:39:47Z
JD Unadkat,India,,2026-04-23T13:39:47Z
JDF Vandersay,Sri Lanka,,2026-04-23T13:39:47Z
JDP Oram,New Zealand,,2026-04-23T13:39:47Z
JDS Neesham,New Zealand,,2026-04-23T13:39:47Z
JE Cameron,Australia,,2026-04-23T13:39:47Z
JE Root,England,,2026-04-23T13:39:47Z
JE Taylor,West Indies,,2026-04-23T13:39:47Z
JEC Franklin,New Zealand,,2026-04-23T13:39:47Z
JG Bethell,England,,2026-04-23T13:39:47Z
JH Kallis,South Africa,,2026-04-23T13:39:47Z
JI Rodrigues,India,,2026-04-23T13:39:47Z
JJ Bumrah,India,,2026-04-23T13:39:47Z
JJ Krejza,Australia,,2026-04-23T13:39:47Z
JJ Roy,England,,2026-04-23T13:39:47Z
JJC Lawson,West Indies,,2026-04-23T13:39:47Z
JK Silva,Sri Lanka,,2026-04-23T13:39:47Z
JL Denly,England,,2026-04-23T13:39:47Z
JL Gunn,England,,2026-04-23T13:39:47Z
JL Jonassen,Australia,,2026-04-23T13:39:47Z
JL Langer,Australia,,2026-04-23T13:39:47Z
JL Ontong,South Africa,,2026-04-23T13:39:47Z
JL Pattinson,Australia,,2026-04-23T13:39:47Z
JL Smith,England,,2026-04-23T13:39:47Z
JL Solozano,West Indies,,2026-04-23T13:39:47Z
JM Anderson,England,,2026-04-23T13:39:47Z
JM Bairstow,England,,2026-04-23T13:39:47Z
JM Bird,Australia,,2026-04-23T13:39:47Z
JM Fields,Australia,,2026-04-23T13:39:47Z
JM Holland,Australia,,2026-04-23T13:39:47Z
JM How,New Zealand,,2026-04-23T13:39:47Z
JM Mennie,Australia,,2026-04-23T13:39:47Z
JM Vince,England,,2026-04-23T13:39:47Z
JN Gillespie,Australia,,2026-04-23T13:39:47Z
JN Hamilton,,,2026-04-23T13:39:47Z
JNT Seales,West Indies,,2026-04-23T13:39:47Z
JO Holder,West Indies,,2026-04-23T13:39:47Z
JP Crawley,England,,2026-04-23T13:39:47Z
JP Duminy,South Africa,,2026-04-23T13:39:47Z
JP Faulkner,Australia,,2026-04-23T13:39:47Z
JP Greaves,,,2026-04-23T13:39:47Z
JP Inglis,Australia,,2026-04-23T13:39:47Z
JR Hazlewood,Australia,,2026-04-23T13:39:47Z
JS Foster,England,,2026-04-23T13:39:47Z
JS Patel,New Zealand,,2026-04-23T13:39:47Z
JT Ball,England,,2026-04-23T13:39:47Z
Jubair Hossain,Bangladesh,,2026-04-23T13:39:47Z
Julie Hayes,,,2026-04-23T13:39:47Z
Junaid Khan,Pakistan,,2026-04-23T13:39:47Z
Junaid Siddique,Bangladesh,,2026-04-23T13:39:47Z
JW Hastings,Australia,,2026-04-23T13:39:47Z
JWA Taylor,England,,2026-04-23T13:39:47Z
K Goud,,,2026-04-23T13:39:47Z
K Matigimu,,,2026-04-23T13:39:47Z
K Pierre,West Indies,,2026-04-23T13:39:47Z
K Rabada,South Africa,,2026-04-23T13:39:47Z
K Sinclair,West Indies,,2026-04-23T13:39:47Z
K Verreynne,South Africa,,2026-04-23T13:39:47Z
K Zondo,South Africa,,2026-04-23T13:39:47Z
KA Anderson,,,2026-04-23T13:39:47Z
KA Blackwell,Australia,,2026-04-23T13:39:47Z
KA Edwards,West Indies,,2026-04-23T13:39:47Z
KA Hope,West Indies,,2026-04-23T13:39:47Z
KA Jamieson,New Zealand,,2026-04-23T13:39:47Z
KA Maharaj,South Africa,,2026-04-23T13:39:47Z
Kabir Ali,England,,2026-04-23T13:39:47Z
KAJ Roach,West Indies,,2026-04-23T13:39:47Z
Kamran Akmal,Pakistan,,2026-04-23T13:39:47Z
Kamran Ghulam,Pakistan,,2026-04-23T13:39:47Z
Kamrul Islam Rabbi,Bangladesh,,2026-04-23T13:39:47Z
KAR Hodge,West Indies,,2026-04-23T13:39:47Z
Kashif Ali,Pakistan,,2026-04-23T13:39:47Z
KC Brathwaite,West Indies,,2026-04-23T13:39:47Z
KC Sangakkara,Sri Lanka,,2026-04-23T13:39:47Z
KD Karthik,India,,2026-04-23T13:39:47Z
KD Mills,New Zealand,,2026-04-23T13:39:47Z
KD Petersen,South Africa,,2026-04-23T13:39:47Z
KDK Vithanage,Sri Lanka,,2026-04-23T13:39:47Z
KE Pike,,,2026-04-23T13:39:47Z
KH Brunt,England,,2026-04-23T13:39:47Z
Khaled Ahmed,Bangladesh,,2026-04-23T13:39:47Z
Khaled Mahmud,Bangladesh,,2026-04-23T13:39:47Z
Khaled Mashud,Bangladesh,,2026-04-23T13:39:47Z
Khurram Manzoor,Pakistan,,2026-04-23T13:39:47Z
Khurram Shahzad,,,2026-04-23T13:39:47Z
KIC Asalanka,Sri Lanka,,2026-04-23T13:39:47Z
KJ Abbott,South Africa,,2026-04-23T13:39:47Z
KJ Garth,Ireland,,2026-04-23T13:39:47Z
KJ O'Brien,Ireland,,2026-04-23T13:39:47Z
KK Jennings,England,,2026-04-23T13:39:47Z
KK Nair,India,,2026-04-23T13:39:47Z
KK Peters,,,2026-04-23T13:39:47Z
KL Britt,,,2026-04-23T13:39:47Z
KL Cross,England,,2026-04-23T13:39:47Z
KL Gordon,England,,2026-04-23T13:39:47Z
KL Rahul,India,,2026-04-23T13:39:47Z
KL Rolton,Australia,,2026-04-23T13:39:47Z
KM Beams,Australia,,2026-04-23T13:39:47Z
KM Dabengwa,Zimbabwe,,2026-04-23T13:39:47Z
KM Jarvis,Zimbabwe,,2026-04-23T13:39:47Z
KM Leng,,,2026-04-23T13:39:47Z
KMA Paul,West Indies,,2026-04-23T13:39:47Z
KMDN Kulasekara,Sri Lanka,,2026-04-23T13:39:47Z
KN Peiris,,,2026-04-23T13:39:47Z
KNM Fernando,Sri Lanka,,2026-04-23T13:39:47Z
KO Meth,Zimbabwe,,2026-04-23T13:39:47Z
KOA Powell,West Indies,,2026-04-23T13:39:47Z
KP Pietersen,England,,2026-04-23T13:39:47Z
KR Mayers,West Indies,,2026-04-23T13:39:47Z
KR Patterson,Australia,,2026-04-23T13:39:47Z
KS Bharat,India,,2026-04-23T13:39:47Z
KS Gautam,India,,2026-04-23T13:39:47Z
KS Williamson,New Zealand,,2026-04-23T13:39:47Z
KSA McKenzie,,,2026-04-23T13:39:47Z
KT Kasuza,Zimbabwe,,2026-04-23T13:39:47Z
KT Maphaka,,,2026-04-23T13:39:47Z
KTGD Prasad,,,2026-04-23T13:39:47Z
KTH Ratnayake,Sri Lanka,,2026-04-23T13:39:47Z
KU Carty,West Indies,,2026-04-23T13:39:47Z
Kuldeep Yadav,India,,2026-04-23T13:39:47Z
KV Jain,,,2026-04-23T13:39:47Z
KV Sharma,India,,2026-04-23T13:39:47Z
L Balaji,India,,2026-04-23T13:39:47Z
L Cheatle,Australia,,2026-04-23T13:39:47Z
L Embuldeniya,Sri Lanka,,2026-04-23T13:39:47Z
L Filer,England,,2026-04-23T13:39:47Z
L Goodall,England,,2026-04-23T13:39:47Z
L Lee,South Africa,,2026-04-23T13:39:47Z
L Ngidi,South Africa,,2026-04-23T13:39:47Z
L Ronchi,New Zealand,,2026-04-23T13:39:47Z
L Senokwane,,,2026-04-23T13:39:47Z
L Sipamla,South Africa,,2026-04-23T13:39:47Z
L Tucker,Ireland,,2026-04-23T13:39:47Z
L Vincent,New Zealand,,2026-04-23T13:39:47Z
L Winfield,England,,2026-04-23T13:39:47Z
L Winfield-Hill,England,,2026-04-23T13:39:47Z
L Wolvaardt,South Africa,,2026-04-23T13:39:47Z
LA Coleman,,,2026-04-23T13:39:47Z
LA Dawson,England,,2026-04-23T13:39:47Z
LA Marsh,Australia,,2026-04-23T13:39:47Z
LB Williams,South Africa,,2026-04-23T13:39:47Z
LC Pearson,,,2026-04-23T13:39:47Z
LC Sthalekar,Australia,,2026-04-23T13:39:47Z
LD Chandimal,Sri Lanka,,2026-04-23T13:39:47Z
LE Plunkett,England,,2026-04-23T13:39:47Z
LG Pretorius,,,2026-04-23T13:39:47Z
LH Ferguson,New Zealand,,2026-04-23T13:39:47Z
Liton Das,Bangladesh,,2026-04-23T13:39:47Z
LJ Harper,,,2026-04-23T13:39:47Z
LJ Poulton,Australia,,2026-04-23T13:39:47Z
LK Bell,England,,2026-04-23T13:39:47Z
LK Ebsary,Australia,,2026-04-23T13:39:47Z
LK Hamilton,,,2026-04-23T13:39:47Z
LK Newton,,,2026-04-23T13:39:47Z
LL Tsotsobe,South Africa,,2026-04-23T13:39:47Z
LM Jongwe,Zimbabwe,,2026-04-23T13:39:47Z
LM Keightley,Australia,,2026-04-23T13:39:47Z
LMP Simmons,West Indies,,2026-04-23T13:39:47Z
LP Griffiths,,,2026-04-23T13:39:47Z
LPC Silva,Sri Lanka,,2026-04-23T13:39:47Z
LR Johnson,West Indies,,2026-04-23T13:39:47Z
LRPL Taylor,Zimbabwe,,2026-04-23T13:39:47Z
LS Baker,,,2026-04-23T13:39:47Z
LS Greenway,England,,2026-04-23T13:39:47Z
LS Livingstone,England,,2026-04-23T13:39:47Z
LU Igalagamage,,,2026-04-23T13:39:47Z
M Bhanuka,Sri Lanka,,2026-04-23T13:39:47Z
M Commins,,,2026-04-23T13:39:47Z
M de Lange,South Africa,,2026-04-23T13:39:47Z
M Dillon,West Indies,,2026-04-23T13:39:47Z
M Hayward,,,2026-04-23T13:39:47Z
M Jansen,South Africa,,2026-04-23T13:39:47Z
M Jones,,,2026-04-23T13:39:47Z
M Kaif,India,,2026-04-23T13:39:47Z
M Kapp,South Africa,,2026-04-23T13:39:47Z
M Kartik,India,,2026-04-23T13:39:47Z
M Klaas,South Africa,,2026-04-23T13:39:47Z
M Labuschagne,Australia,,2026-04-23T13:39:47Z
M Louis,,,2026-04-23T13:39:47Z
M Morkel,South Africa,,2026-04-23T13:39:47Z
M Muralitharan,Sri Lanka,,2026-04-23T13:39:47Z
M Ntini,South Africa,,2026-04-23T13:39:47Z
M Prasidh Krishna,India,,2026-04-23T13:39:47Z
M Raj,India,,2026-04-23T13:39:47Z
M Shumba,Zimbabwe,,2026-04-23T13:39:47Z
M Theekshana,Sri Lanka,,2026-04-23T13:39:47Z
M van Jaarsveld,Netherlands,,2026-04-23T13:39:47Z
M Vijay,India,,2026-04-23T13:39:47Z
M Zondeki,South Africa,,2026-04-23T13:39:47Z
MA Agarwal,India,,2026-04-23T13:39:47Z
MA Beer,Australia,,2026-04-23T13:39:47Z
MA Butcher,England,,2026-04-23T13:39:47Z
MA Carberry,England,,2026-04-23T13:39:47Z
MA Starc,Australia,,2026-04-23T13:39:47Z
MA Vermeulen,Zimbabwe,,2026-04-23T13:39:47Z
MA Wood,England,,2026-04-23T13:39:47Z
Mahbubul Alam,Bangladesh,,2026-04-23T13:39:47Z
Mahidul Islam Ankon,Bangladesh,,2026-04-23T13:39:47Z
Mahmudul Hasan Joy,Bangladesh,,2026-04-23T13:39:47Z
Mahmudullah,Bangladesh,,2026-04-23T13:39:47Z
Manjural Islam,Bangladesh,,2026-04-23T13:39:47Z
Manjural Islam Rana,Bangladesh,,2026-04-23T13:39:47Z
Marshall Ayub,Bangladesh,,2026-04-23T13:39:47Z
Mashrafe Mortaza,Bangladesh,,2026-04-23T13:39:47Z
MC Henriques,Australia,,2026-04-23T13:39:47Z
MD Bell,New Zealand,,2026-04-23T13:39:47Z
MD Craig,New Zealand,,2026-04-23T13:39:47Z
MD Fisher,England,,2026-04-23T13:39:47Z
MD Gunathilaka,Sri Lanka,,2026-04-23T13:39:47Z
MD Rae,New Zealand,,2026-04-23T13:39:47Z
MD Shanaka,Sri Lanka,,2026-04-23T13:39:47Z
MD Stoneman,England,,2026-04-23T13:39:47Z
MDK Perera,Sri Lanka,,2026-04-23T13:39:47Z
MDKJ Perera,Sri Lanka,,2026-04-23T13:39:47Z
MDT Kamini,Sri Lanka,,2026-04-23T13:39:47Z
MDUS Jayasundera,Sri Lanka,,2026-04-23T13:39:47Z
ME Bouchier,England,,2026-04-23T13:39:47Z
ME Trescothick,England,,2026-04-23T13:39:47Z
Meghna Singh,India,,2026-04-23T13:39:47Z
Mehedi Hasan Miraz,Bangladesh,,2026-04-23T13:39:47Z
Mehrab Hossain jnr,Bangladesh,,2026-04-23T13:39:47Z
MEK Hussey,Australia,,2026-04-23T13:39:47Z
MF Maharoof,Sri Lanka,,2026-04-23T13:39:47Z
MG Bracewell,New Zealand,,2026-04-23T13:39:47Z
MG Johnson,Australia,,2026-04-23T13:39:47Z
MG Neser,Australia,,2026-04-23T13:39:47Z
MG Vandort,Sri Lanka,,2026-04-23T13:39:47Z
MH Richardson,New Zealand,,2026-04-23T13:39:47Z
MH Sumra,,,2026-04-23T13:39:47Z
MHW Papps,New Zealand,,2026-04-23T13:39:47Z
Mir Hamza,Pakistan,,2026-04-23T13:39:47Z
Misbah-ul-Haq,Pakistan,,2026-04-23T13:39:47Z
MJ Bulow,,,2026-04-23T13:39:47Z
MJ Clarke,Australia,,2026-04-23T13:39:47Z
MJ Fisher,Australia,,2026-04-23T13:39:47Z
MJ Guptill,New Zealand,,2026-04-23T13:39:47Z
MJ Hay,,,2026-04-23T13:39:47Z
MJ Henry,New Zealand,,2026-04-23T13:39:47Z
MJ Hoggard,England,,2026-04-23T13:39:47Z
MJ Humphreys,,,2026-04-23T13:39:47Z
MJ Leach,England,,2026-04-23T13:39:47Z
MJ Mason,,,2026-04-23T13:39:47Z
MJ Mindley,West Indies,,2026-04-23T13:39:47Z
MJ North,Australia,,2026-04-23T13:39:47Z
MJ Potts,England,,2026-04-23T13:39:47Z
MJ Prior,England,,2026-04-23T13:39:47Z
MJ Saggers,England,,2026-04-23T13:39:47Z
MJ Santner,New Zealand,,2026-04-23T13:39:47Z
MJ Swepson,Australia,,2026-04-23T13:39:47Z
MKDI Amerasinghe,,,2026-04-23T13:39:47Z
ML Cummins,West Indies,,2026-04-23T13:39:47Z
ML Hayden,Australia,,2026-04-23T13:39:47Z
ML Love,Australia,,2026-04-23T13:39:47Z
ML Schutt,Australia,,2026-04-23T13:39:47Z
ML Udawatte,Sri Lanka,,2026-04-23T13:39:47Z
MM Ali,England,,2026-04-23T13:39:47Z
MM Lanning,Australia,,2026-04-23T13:39:47Z
MM Patel,India,,2026-04-23T13:39:47Z
MN Samuels,West Indies,,2026-04-23T13:39:47Z
MN Waller,Zimbabwe,,2026-04-23T13:39:47Z
Mohammad Abbas,Pakistan,,2026-04-23T13:39:47Z
Mohammad Ali,Pakistan,,2026-04-23T13:39:47Z
Mohammad Amir,Pakistan,,2026-04-23T13:39:47Z
Mohammad Ashraful,Bangladesh,,2026-04-23T13:39:47Z
Mohammad Asif,Pakistan,,2026-04-23T13:39:47Z
Mohammad Ayub,,,2026-04-23T13:39:47Z
Mohammad Hafeez,Pakistan,,2026-04-23T13:39:47Z
Mohammad Huraira,Pakistan,,2026-04-23T13:39:47Z
Mohammad Irfan,Pakistan,,2026-04-23T13:39:47Z
Mohammad Khalil,,,2026-04-23T13:39:47Z
Mohammad Mithun,Bangladesh,,2026-04-23T13:39:47Z
Mohammad Naim,Bangladesh,,2026-04-23T13:39:47Z
Mohammad Nawaz,Pakistan,,2026-04-23T13:39:47Z
Mohammad Nawaz (3),Pakistan,,2026-04-23T13:39:47Z
Mohammad Rafique,Bangladesh,,2026-04-23T13:39:47Z
Mohammad Rizwan,Pakistan,,2026-04-23T13:39:47Z
Mohammad Salman,,,2026-04-23T13:39:47Z
Mohammad Sami,Pakistan,,2026-04-23T13:39:47Z
Mohammad Shahid,,,2026-04-23T13:39:47Z
Mohammad Sharif,,,2026-04-23T13:39:47Z
Mohammad Talha,,,2026-04-23T13:39:47Z
Mohammad Wasim,,,2026-04-23T13:39:47Z
Mohammad Yousuf,Pakistan,,2026-04-23T13:39:47Z
Mohammad Zahid,Pakistan,,2026-04-23T13:39:47Z
Mohammed Shami,India,,2026-04-23T13:39:47Z
Mohammed Siraj,India,,2026-04-23T13:39:47Z
Moin Khan,Pakistan,,2026-04-23T13:39:47Z
Mominul Haque,Bangladesh,,2026-04-23T13:39:47Z
Mosaddek Hossain,Bangladesh,,2026-04-23T13:39:47Z
MP Bicknell,England,,2026-04-23T13:39:47Z
MP Breetzke,South Africa,,2026-04-23T13:39:47Z
MP Kuhnemann,Australia,,2026-04-23T13:39:47Z
MP Vaughan,England,,2026-04-23T13:39:47Z
MR Adair,Ireland,,2026-04-23T13:39:47Z
MR Gillespie,New Zealand,,2026-04-23T13:39:47Z
MR Marsh,Australia,,2026-04-23T13:39:47Z
MR Ramprakash,England,,2026-04-23T13:39:47Z
MS Atapattu,Sri Lanka,,2026-04-23T13:39:47Z
MS Crane,England,,2026-04-23T13:39:47Z
MS Dhoni,India,,2026-04-23T13:39:47Z
MS Harris,Australia,,2026-04-23T13:39:47Z
MS Kasprowicz,Australia,,2026-04-23T13:39:47Z
MS Panesar,England,,2026-04-23T13:39:47Z
MS Sinclair,New Zealand,,2026-04-23T13:39:47Z
MS Wade,Australia,,2026-04-23T13:39:47Z
MT Chinouya,Zimbabwe,,2026-04-23T13:39:47Z
MT Renshaw,Australia,,2026-04-23T13:39:47Z
Muhammad Musa,Pakistan,,2026-04-23T13:39:47Z
Mukesh Kumar,India,,2026-04-23T13:39:47Z
Mushfiqur Rahim,Bangladesh,,2026-04-23T13:39:47Z
Mushfiqur Rahman,,,2026-04-23T13:39:47Z
Mushtaq Ahmed,Pakistan,,2026-04-23T13:39:47Z
Mustafizur Rahman,Bangladesh,,2026-04-23T13:39:47Z
MV Boucher,South Africa,,2026-04-23T13:39:47Z
MVT Fernando,Sri Lanka,,2026-04-23T13:39:47Z
MW Parkinson,England,,2026-04-23T13:39:47Z
N Al Khadeer,India,,2026-04-23T13:39:47Z
N Boje,South Africa,,2026-04-23T13:39:47Z
N Brand,Zimbabwe,,2026-04-23T13:39:47Z
N Burger,,,2026-04-23T13:39:47Z
N de Klerk,South Africa,,2026-04-23T13:39:47Z
N Deonarine,West Indies,,2026-04-23T13:39:47Z
N Dickwella,Sri Lanka,,2026-04-23T13:39:47Z
N Hussain,England,,2026-04-23T13:39:47Z
N M'shangwe,Zimbabwe,,2026-04-23T13:39:47Z
N Mlaba,South Africa,,2026-04-23T13:39:47Z
N Ncube,Zimbabwe,,2026-04-23T13:39:47Z
N Niranjana,,,2026-04-23T13:39:47Z
N Pradeep,Sri Lanka,,2026-04-23T13:39:47Z
N Wagner,New Zealand,,2026-04-23T13:39:47Z
NA Buley,,,2026-04-23T13:39:47Z
NA McSweeney,Australia,,2026-04-23T13:39:47Z
Naeem Islam,Bangladesh,,2026-04-23T13:39:47Z
Nafees Iqbal,Bangladesh,,2026-04-23T13:39:47Z
Nahid Rana,,,2026-04-23T13:39:47Z
Naseem Shah,Pakistan,,2026-04-23T13:39:47Z
Nasir Hossain,Bangladesh,,2026-04-23T13:39:47Z
Nasir Jamshed,Pakistan,,2026-04-23T13:39:47Z
Nauman Ali,Pakistan,,2026-04-23T13:39:47Z
Navdeep Saini,India,,2026-04-23T13:39:47Z
Naved-ul-Hasan,,,2026-04-23T13:39:47Z
Nayeem Hasan,Bangladesh,,2026-04-23T13:39:47Z
Nazimuddin,Bangladesh,,2026-04-23T13:39:47Z
Nazmul Hossain,Bangladesh,,2026-04-23T13:39:47Z
Nazmul Hossain Shanto,Bangladesh,,2026-04-23T13:39:47Z
Nazmul Islam,Bangladesh,,2026-04-23T13:39:47Z
NB Mahwire,Zimbabwe,,2026-04-23T13:39:47Z
ND McKenzie,South Africa,,2026-04-23T13:39:47Z
NE Bolton,Australia,,2026-04-23T13:39:47Z
NE Bonner,West Indies,,2026-04-23T13:39:47Z
NG Smith,,,2026-04-23T13:39:47Z
NGRP Jayasuriya,Sri Lanka,,2026-04-23T13:39:47Z
Nithish Kumar Reddy,,,2026-04-23T13:39:47Z
NJ Astle,New Zealand,,2026-04-23T13:39:47Z
NJ Maddinson,Australia,,2026-04-23T13:39:47Z
NJ O'Brien,Ireland,,2026-04-23T13:39:47Z
NJ Shaw,Australia,,2026-04-23T13:39:47Z
NLTC Perera,Sri Lanka,,2026-04-23T13:39:47Z
NM Hauritz,Australia,,2026-04-23T13:39:47Z
NM Lyon,Australia,,2026-04-23T13:39:47Z
NO Miller,West Indies,,2026-04-23T13:39:47Z
NP Mayavo,,,2026-04-23T13:39:47Z
NR Ferreira,,,2026-04-23T13:39:47Z
NR Sciver,England,,2026-04-23T13:39:47Z
NR Sciver-Brunt,England,,2026-04-23T13:39:47Z
NR Welch,England,,2026-04-23T13:39:47Z
NRD Compton,England,,2026-04-23T13:39:47Z
NT Broom,New Zealand,,2026-04-23T13:39:47Z
NT Nyamhuri,,,2026-04-23T13:39:47Z
NT Paranavitana,Sri Lanka,,2026-04-23T13:39:47Z
NT Pascal,,,2026-04-23T13:39:47Z
Nurul Hasan,Bangladesh,,2026-04-23T13:39:47Z
NV Ojha,India,,2026-04-23T13:39:47Z
NW Bracken,Australia,,2026-04-23T13:39:47Z
O Shields,,,2026-04-23T13:39:47Z
OA Shah,England,,2026-04-23T13:39:47Z
OAC Banks,West Indies,,2026-04-23T13:39:47Z
OE Robinson,England,,2026-04-23T13:39:47Z
OJ Phillips,West Indies,,2026-04-23T13:39:47Z
OJ Pope,England,,2026-04-23T13:39:47Z
OP Stone,England,,2026-04-23T13:39:47Z
P Dimri,,,2026-04-23T13:39:47Z
P Jayawickrama,Sri Lanka,,2026-04-23T13:39:47Z
P Kumar,India,,2026-04-23T13:39:47Z
P Litchfield,Australia,,2026-04-23T13:39:47Z
P Nissanka,Sri Lanka,,2026-04-23T13:39:47Z
P Subrayen,South Africa,,2026-04-23T13:39:47Z
P Utseya,Zimbabwe,,2026-04-23T13:39:47Z
P Vastrakar,India,,2026-04-23T13:39:47Z
PA Jaques,Australia,,2026-04-23T13:39:47Z
PA Patel,India,,2026-04-23T13:39:47Z
PADLR Sandakan,Sri Lanka,,2026-04-23T13:39:47Z
Pankaj Singh,India,,2026-04-23T13:39:47Z
PD Collingwood,England,,2026-04-23T13:39:47Z
PG Fulton,New Zealand,,2026-04-23T13:39:47Z
PG Raut,India,,2026-04-23T13:39:47Z
PHKD Mendis,Sri Lanka,,2026-04-23T13:39:47Z
PHT Kaushal,Sri Lanka,,2026-04-23T13:39:47Z
PJ Cummins,Australia,,2026-04-23T13:39:47Z
PJ Hughes,Australia,,2026-04-23T13:39:47Z
PJ Ingram,New Zealand,,2026-04-23T13:39:47Z
PJ Malan,South Africa,,2026-04-23T13:39:47Z
PJ Moor,Zimbabwe,,2026-04-23T13:39:47Z
PJ Wiseman,New Zealand,,2026-04-23T13:39:47Z
PL Harris,South Africa,,2026-04-23T13:39:47Z
PLS Gamage,Sri Lanka,,2026-04-23T13:39:47Z
PM Nevill,Australia,,2026-04-23T13:39:47Z
PM Pushpakumara,Sri Lanka,,2026-04-23T13:39:47Z
PM Siddle,Australia,,2026-04-23T13:39:47Z
PP Chawla,India,,2026-04-23T13:39:47Z
PP Ojha,India,,2026-04-23T13:39:47Z
PP Shaw,India,,2026-04-23T13:39:47Z
PR Adams,South Africa,,2026-04-23T13:39:47Z
PR George,Australia,,2026-04-23T13:39:47Z
PR Stirling,Ireland,,2026-04-23T13:39:47Z
Pratika Rawal,,,2026-04-23T13:39:47Z
PS Masvaure,Zimbabwe,,2026-04-23T13:39:47Z
PSP Handscomb,Australia,,2026-04-23T13:39:47Z
PT Collins,West Indies,,2026-04-23T13:39:47Z
PVD Chameera,Sri Lanka,,2026-04-23T13:39:47Z
PWA Mulder,South Africa,,2026-04-23T13:39:47Z
PWH de Silva,Sri Lanka,,2026-04-23T13:39:47Z
Q de Kock,South Africa,,2026-04-23T13:39:47Z
R Ashwin,India,,2026-04-23T13:39:47Z
R Chandrika,West Indies,,2026-04-23T13:39:47Z
R Clarke,England,,2026-04-23T13:39:47Z
R de Swardt,,,2026-04-23T13:39:47Z
R Dhar,India,,2026-04-23T13:39:47Z
R Dravid,India,,2026-04-23T13:39:47Z
R Kaia,Zimbabwe,,2026-04-23T13:39:47Z
R MacDonald-Gay,,,2026-04-23T13:39:47Z
R McLaren,South Africa,,2026-04-23T13:39:47Z
R Mutumbami,Zimbabwe,,2026-04-23T13:39:47Z
R Ngarava,Zimbabwe,,2026-04-23T13:39:47Z
R Rampaul,West Indies,,2026-04-23T13:39:47Z
R Ravindra,New Zealand,,2026-04-23T13:39:47Z
R van Tonder,South Africa,,2026-04-23T13:39:47Z
R Vinay Kumar,India,,2026-04-23T13:39:47Z
RA Austin,West Indies,,2026-04-23T13:39:47Z
RA Birch,,,2026-04-23T13:39:47Z
RA Jadeja,India,,2026-04-23T13:39:47Z
RA Reifer,West Indies,,2026-04-23T13:39:47Z
RA Young,,,2026-04-23T13:39:47Z
Radha Yadav,,,2026-04-23T13:39:47Z
Rahat Ali,Pakistan,,2026-04-23T13:39:47Z
rahul Dravid,,,2026-04-23T13:39:47Z
Rajin Saleh,Bangladesh,,2026-04-23T13:39:47Z
Raqibul Hasan,Bangladesh,,2026-04-23T13:39:47Z
RAS Lakmal,Sri Lanka,,2026-04-23T13:39:47Z
Rashid Latif,Pakistan,,2026-04-23T13:39:47Z
RD Jacobs,West Indies,,2026-04-23T13:39:47Z
RD Rickelton,South Africa,,2026-04-23T13:39:47Z
Rehan Ahmed,England,,2026-04-23T13:39:47Z
Renuka Singh,India,,2026-04-23T13:39:47Z
Reon King,West Indies,,2026-04-23T13:39:47Z
RG Hart,,,2026-04-23T13:39:47Z
RG Sharma,India,,2026-04-23T13:39:47Z
RJ Burns,England,,2026-04-23T13:39:47Z
RJ Harris,Australia,,2026-04-23T13:39:47Z
RJ Kirtley,England,,2026-04-23T13:39:47Z
RJ Nicol,New Zealand,,2026-04-23T13:39:47Z
RJ Peterson,South Africa,,2026-04-23T13:39:47Z
RJ Quiney,Australia,,2026-04-23T13:39:47Z
RJ Sidebottom,England,,2026-04-23T13:39:47Z
RK Kleinveldt,South Africa,,2026-04-23T13:39:47Z
RKJ Dawson,England,,2026-04-23T13:39:47Z
RL Chase,West Indies,,2026-04-23T13:39:47Z
RL Haynes,Australia,,2026-04-23T13:39:47Z
RL Johnson,England,,2026-04-23T13:39:47Z
RL Powell,West Indies,,2026-04-23T13:39:47Z
RM Farrell,Australia,,2026-04-23T13:39:47Z
RM Ghosh,,,2026-04-23T13:39:47Z
RM Patidar,India,,2026-04-23T13:39:47Z
RMMP Rathnayake,Sri Lanka,,2026-04-23T13:39:47Z
RMS Eranga,Sri Lanka,,2026-04-23T13:39:47Z
RN Lewis,,,2026-04-23T13:39:47Z
RO Hinds,West Indies,,2026-04-23T13:39:47Z
Robiul Islam,Bangladesh,,2026-04-23T13:39:47Z
RP Burl,Zimbabwe,,2026-04-23T13:39:47Z
RP Singh,India,,2026-04-23T13:39:47Z
RP Yadav,,,2026-04-23T13:39:47Z
RR Pant,India,,2026-04-23T13:39:47Z
RR Powar,India,,2026-04-23T13:39:47Z
RR Sarwan,West Indies,,2026-04-23T13:39:47Z
RRS Cornwall,West Indies,,2026-04-23T13:39:47Z
RS Bopara,England,,2026-04-23T13:39:47Z
RS Gayakwad,India,,2026-04-23T13:39:47Z
RS Morton,West Indies,,2026-04-23T13:39:47Z
RT Ponting,Australia,,2026-04-23T13:39:47Z
RTM Mendis,Sri Lanka,,2026-04-23T13:39:47Z
Rubel Hossain,Bangladesh,,2026-04-23T13:39:47Z
RW Chakabva,Zimbabwe,,2026-04-23T13:39:47Z
RW Price,Zimbabwe,,2026-04-23T13:39:47Z
RWT Key,England,,2026-04-23T13:39:47Z
S Badrinath,India,,2026-04-23T13:39:47Z
S Campbell,Scotland,,2026-04-23T13:39:47Z
S Chanderpaul,West Indies,,2026-04-23T13:39:47Z
S Chattergoon,West Indies,,2026-04-23T13:39:47Z
S Dhawan,India,,2026-04-23T13:39:47Z
S Ecclestone,England,,2026-04-23T13:39:47Z
S Jafta,South Africa,,2026-04-23T13:39:47Z
S Joseph,West Indies,,2026-04-23T13:39:47Z
S Kalavitigoda,Sri Lanka,,2026-04-23T13:39:47Z
S Konstas,,,2026-04-23T13:39:47Z
S Luus,South Africa,,2026-04-23T13:39:47Z
S Mahmood,England,,2026-04-23T13:39:47Z
S Mandhana,India,,2026-04-23T13:39:47Z
S Matsikenyeri,Zimbabwe,,2026-04-23T13:39:47Z
S Molineux,Australia,,2026-04-23T13:39:47Z
S Moseley,West Indies,,2026-04-23T13:39:47Z
S Muthusamy,South Africa,,2026-04-23T13:39:47Z
S Nadeem,India,,2026-04-23T13:39:47Z
S Nitschke,Australia,,2026-04-23T13:39:47Z
S Pandey,India,,2026-04-23T13:39:47Z
S Prasanna,Sri Lanka,,2026-04-23T13:39:47Z
S Rana,,,2026-04-23T13:39:47Z
S Randiv,Sri Lanka,,2026-04-23T13:39:47Z
S Samarawickrama,Sri Lanka,,2026-04-23T13:39:47Z
S Sharma,India,,2026-04-23T13:39:47Z
S Shillingford,West Indies,,2026-04-23T13:39:47Z
S Shubha,,,2026-04-23T13:39:47Z
S Sreesanth,India,,2026-04-23T13:39:47Z
S van Zyl,South Africa,,2026-04-23T13:39:47Z
S von Berg,South Africa,,2026-04-23T13:39:47Z
SA Yadav,India,,2026-04-23T13:39:47Z
Sabbir Rahman,Bangladesh,,2026-04-23T13:39:47Z
Saeed Ajmal,Pakistan,,2026-04-23T13:39:47Z
Saif Hassan,Bangladesh,,2026-04-23T13:39:47Z
Saim Ayub,Pakistan,,2026-04-23T13:39:47Z
Sajedul Islam,,,2026-04-23T13:39:47Z
Sajid Khan,Pakistan,,2026-04-23T13:39:47Z
Saleem Elahi,Pakistan,,2026-04-23T13:39:47Z
Salman Butt,Pakistan,,2026-04-23T13:39:47Z
Sami Aslam,Pakistan,,2026-04-23T13:39:47Z
Saqlain Mushtaq,Pakistan,,2026-04-23T13:39:47Z
Sarandeep Singh,India,,2026-04-23T13:39:47Z
Sarfraz Ahmed,Pakistan,,2026-04-23T13:39:47Z
Saud Shakeel,Pakistan,,2026-04-23T13:39:47Z
SB Odedra,,,2026-04-23T13:39:47Z
SB Styris,New Zealand,,2026-04-23T13:39:47Z
SC Cook,South Africa,,2026-04-23T13:39:47Z
SC Ganguly,India,,2026-04-23T13:39:47Z
SC Joseph,West Indies,,2026-04-23T13:39:47Z
SC Kerrigan,England,,2026-04-23T13:39:47Z
SC Kuggeleijn,New Zealand,,2026-04-23T13:39:47Z
SC Taylor,England,,2026-04-23T13:39:47Z
SC Williams,Zimbabwe,,2026-04-23T13:39:47Z
SCG MacGill,Australia,,2026-04-23T13:39:47Z
SCJ Broad,England,,2026-04-23T13:39:47Z
SD Hope,West Indies,,2026-04-23T13:39:47Z
SD Robson,England,,2026-04-23T13:39:47Z
SD Udal,England,,2026-04-23T13:39:47Z
SE Bond,New Zealand,,2026-04-23T13:39:47Z
SE Marsh,Australia,,2026-04-23T13:39:47Z
SF Mire,Zimbabwe,,2026-04-23T13:39:47Z
SG Borthwick,England,,2026-04-23T13:39:47Z
SG Satghare,,,2026-04-23T13:39:47Z
SH Lewis,West Indies,,2026-04-23T13:39:47Z
Shabbir Ahmed,Pakistan,,2026-04-23T13:39:47Z
Shadab Khan,Pakistan,,2026-04-23T13:39:47Z
Shadman Islam,Bangladesh,,2026-04-23T13:39:47Z
Shafali Verma,India,,2026-04-23T13:39:47Z
Shafiul Islam,Bangladesh,,2026-04-23T13:39:47Z
Shahadat Hossain,Bangladesh,,2026-04-23T13:39:47Z
Shaheen Shah Afridi,Pakistan,,2026-04-23T13:39:47Z
Shahid Afridi,Pakistan,,2026-04-23T13:39:47Z
Shahid Nazir,Pakistan,,2026-04-23T13:39:47Z
Shahriar Nafees,Bangladesh,,2026-04-23T13:39:47Z
Shakib Al Hasan,Bangladesh,,2026-04-23T13:39:47Z
Shamsur Rahman,Bangladesh,,2026-04-23T13:39:47Z
Shan Masood,Pakistan,,2026-04-23T13:39:47Z
Sharjeel Khan,Pakistan,,2026-04-23T13:39:47Z
Shoaib Akhtar,Pakistan,,2026-04-23T13:39:47Z
Shoaib Bashir,,,2026-04-23T13:39:47Z
Shoaib Malik,Pakistan,,2026-04-23T13:39:47Z
Shoriful Islam,Bangladesh,,2026-04-23T13:39:47Z
Shubman Gill,India,,2026-04-23T13:39:47Z
Shuvagata Hom,Bangladesh,,2026-04-23T13:39:47Z
SI Mahmood,England,,2026-04-23T13:39:47Z
Sikandar Raza,Zimbabwe,,2026-04-23T13:39:47Z
SIR Dunkley,England,,2026-04-23T13:39:47Z
SJ Andrews,,,2026-04-23T13:39:47Z
SJ Benn,West Indies,,2026-04-23T13:39:47Z
SJ Cook,England,,2026-04-23T13:39:47Z
SJ Coyte,Australia,,2026-04-23T13:39:47Z
SJ Elliott,England,,2026-04-23T13:39:47Z
SJ Erwee,South Africa,,2026-04-23T13:39:47Z
SJ Harmison,England,,2026-04-23T13:39:47Z
SJ Taylor,England,,2026-04-23T13:39:47Z
SK Raina,India,,2026-04-23T13:39:47Z
SK Warne,Australia,,2026-04-23T13:39:47Z
SL Malinga,Sri Lanka,,2026-04-23T13:39:47Z
SM Boland,Australia,,2026-04-23T13:39:47Z
SM Curran,England,,2026-04-23T13:39:47Z
SM Ervine,Zimbabwe,,2026-04-23T13:39:47Z
SM Katich,Australia,,2026-04-23T13:39:47Z
SM Pollock,South Africa,,2026-04-23T13:39:47Z
SM Warnapura,Sri Lanka,,2026-04-23T13:39:47Z
SMSM Senanayake,Sri Lanka,,2026-04-23T13:39:47Z
SN Khan,India,,2026-04-23T13:39:47Z
SN Thakur,India,,2026-04-23T13:39:47Z
SNJ O'Keefe,Australia,,2026-04-23T13:39:47Z
SO Dowrich,West Indies,,2026-04-23T13:39:47Z
SO Hetmyer,West Indies,,2026-04-23T13:39:47Z
Sohag Gazi,Bangladesh,,2026-04-23T13:39:47Z
Sohail Khan,Pakistan,,2026-04-23T13:39:47Z
Sohail Tanvir,Pakistan,,2026-04-23T13:39:47Z
Soumya Sarkar,Bangladesh,,2026-04-23T13:39:47Z
SP Fleming,New Zealand,,2026-04-23T13:39:47Z
SP Jones,England,,2026-04-23T13:39:47Z
SP Narine,West Indies,,2026-04-23T13:39:47Z
SPD Smith,Australia,,2026-04-23T13:39:47Z
SR Clark,Australia,,2026-04-23T13:39:47Z
SR Harmer,South Africa,,2026-04-23T13:39:47Z
SR Patel,England,,2026-04-23T13:39:47Z
SR Tendulkar,India,,2026-04-23T13:39:47Z
SR Thompson,Ireland,,2026-04-23T13:39:47Z
SR Watson,Australia,,2026-04-23T13:39:47Z
SR Waugh,Australia,,2026-04-23T13:39:47Z
SS Cottrell,West Indies,,2026-04-23T13:39:47Z
SS Das,India,,2026-04-23T13:39:47Z
SS Iyer,India,,2026-04-23T13:39:47Z
SSJ Brooks,West Indies,,2026-04-23T13:39:47Z
ST Doheny,Ireland,,2026-04-23T13:39:47Z
ST Finn,England,,2026-04-23T13:39:47Z
ST Gabriel,West Indies,,2026-04-23T13:39:47Z
ST Jayasuriya,Sri Lanka,,2026-04-23T13:39:47Z
STR Binny,India,,2026-04-23T13:39:47Z
Subashis Roy,Bangladesh,,2026-04-23T13:39:47Z
Suhrawadi Shuvo,Bangladesh,,2026-04-23T13:39:47Z
Sunzamul Islam,Bangladesh,,2026-04-23T13:39:47Z
SV Carlisle,Zimbabwe,,2026-04-23T13:39:47Z
SV Collyer,,,2026-04-23T13:39:47Z
SW Ambris,West Indies,,2026-04-23T13:39:47Z
SW Billings,England,,2026-04-23T13:39:47Z
SW Masakadza,Zimbabwe,,2026-04-23T13:39:47Z
SW Tait,Australia,,2026-04-23T13:39:47Z
Syed Rasel,Bangladesh,,2026-04-23T13:39:47Z
T Bavuma,South Africa,,2026-04-23T13:39:47Z
T Bhatia,India,,2026-04-23T13:39:47Z
T Brits,South Africa,,2026-04-23T13:39:47Z
T Chanderpaul,West Indies,,2026-04-23T13:39:47Z
T de Zorzi,South Africa,,2026-04-23T13:39:47Z
T Duffin,Zimbabwe,,2026-04-23T13:39:47Z
T Gwandu,Zimbabwe,,2026-04-23T13:39:47Z
T Kaitano,Zimbabwe,,2026-04-23T13:39:47Z
T Kamungozi,Zimbabwe,,2026-04-23T13:39:47Z
T Makoni,Zimbabwe,,2026-04-23T13:39:47Z
T Maruma,Zimbabwe,,2026-04-23T13:39:47Z
T Murphy,Australia,,2026-04-23T13:39:47Z
T Natarajan,India,,2026-04-23T13:39:47Z
T Panyangara,Zimbabwe,,2026-04-23T13:39:47Z
T Shamsi,South Africa,,2026-04-23T13:39:47Z
T Stubbs,South Africa,,2026-04-23T13:39:47Z
T Taibu,Zimbabwe,,2026-04-23T13:39:47Z
T Thushara,Sri Lanka,,2026-04-23T13:39:47Z
T Westley,England,,2026-04-23T13:39:47Z
TA Blundell,New Zealand,,2026-04-23T13:39:47Z
TA Boult,New Zealand,,2026-04-23T13:39:47Z
TA Copeland,Australia,,2026-04-23T13:39:47Z
TA Imlach,New Zealand,,2026-04-23T13:39:47Z
TA McGregor,,,2026-04-23T13:39:47Z
Tabish Khan,Pakistan,,2026-04-23T13:39:47Z
Taijul Islam,Bangladesh,,2026-04-23T13:39:47Z
TAM Siriwardana,Sri Lanka,,2026-04-23T13:39:47Z
Tamim Iqbal,Bangladesh,,2026-04-23T13:39:47Z
Tanvir Ahmed,Pakistan,,2026-04-23T13:39:47Z
Tanzim Hasan Sakib,Bangladesh,,2026-04-23T13:39:47Z
Tapash Baisya,Bangladesh,,2026-04-23T13:39:47Z
Taskin Ahmed,Bangladesh,,2026-04-23T13:39:47Z
Taufeeq Umar,Pakistan,,2026-04-23T13:39:47Z
TB de Bruyn,South Africa,,2026-04-23T13:39:47Z
TD Astle,New Zealand,,2026-04-23T13:39:47Z
TD Paine,Australia,,2026-04-23T13:39:47Z
TE Kane,,,2026-04-23T13:39:47Z
TE Tsiga,Zimbabwe,,2026-04-23T13:39:47Z
TG McIntosh,New Zealand,,2026-04-23T13:39:47Z
TG Southee,New Zealand,,2026-04-23T13:39:47Z
TJ Murtagh,Ireland,,2026-04-23T13:39:47Z
TJ Vlaeminck,Australia,,2026-04-23T13:39:47Z
TK Curran,England,,2026-04-23T13:39:47Z
TK Musakanda,Zimbabwe,,2026-04-23T13:39:47Z
TL Best,West Indies,,2026-04-23T13:39:47Z
TL Chatara,Zimbabwe,,2026-04-23T13:39:47Z
TL Chivanga,Zimbabwe,,2026-04-23T13:39:47Z
TL Moreki,South Africa,,2026-04-23T13:39:47Z
TL Tsolekile,South Africa,,2026-04-23T13:39:47Z
TM Dilshan,Sri Lanka,,2026-04-23T13:39:47Z
TM Dowlin,West Indies,,2026-04-23T13:39:47Z
TM Head,Australia,,2026-04-23T13:39:47Z
TM McGrath,Australia,,2026-04-23T13:39:47Z
TMK Mawoyo,Zimbabwe,,2026-04-23T13:39:47Z
TR Ambrose,England,,2026-04-23T13:39:47Z
TR Gripper,Zimbabwe,,2026-04-23T13:39:47Z
TS Chisoro,Zimbabwe,,2026-04-23T13:39:47Z
TS Roland-Jones,England,,2026-04-23T13:39:47Z
TS Sekhukhune,South Africa,,2026-04-23T13:39:47Z
TT Beaumont,England,,2026-04-23T13:39:47Z
TT Bresnan,England,,2026-04-23T13:39:47Z
TT Samaraweera,Sri Lanka,,2026-04-23T13:39:47Z
Tushar Imran,Bangladesh,,2026-04-23T13:39:47Z
TW Hartley,England,,2026-04-23T13:39:47Z
TWM Latham,New Zealand,,2026-04-23T13:39:47Z
UDU Chandana,Sri Lanka,,2026-04-23T13:39:47Z
Umar Akmal,Pakistan,,2026-04-23T13:39:47Z
Umar Amin,Pakistan,,2026-04-23T13:39:47Z
Umar Gul,Pakistan,,2026-04-23T13:39:47Z
Usman Salahuddin,Pakistan,,2026-04-23T13:39:47Z
Usman Shinwari,Pakistan,,2026-04-23T13:39:47Z
UT Khawaja,Australia,,2026-04-23T13:39:47Z
UT Yadav,India,,2026-04-23T13:39:47Z
UWMBCA Welegedara,Sri Lanka,,2026-04-23T13:39:47Z
V Kohli,India,,2026-04-23T13:39:47Z
V Masekesa,Zimbabwe,,2026-04-23T13:39:47Z
V Permaul,West Indies,,2026-04-23T13:39:47Z
V Sehwag,India,,2026-04-23T13:39:47Z
V Sibanda,Zimbabwe,,2026-04-23T13:39:47Z
VA Singh,India,,2026-04-23T13:39:47Z
VC Drakes,West Indies,,2026-04-23T13:39:47Z
VD Philander,South Africa,,2026-04-23T13:39:47Z
VM Nyauchi,Zimbabwe,,2026-04-23T13:39:47Z
VR Aaron,India,,2026-04-23T13:39:47Z
VRV Singh,India,,2026-04-23T13:39:47Z
VVS Laxman,India,,2026-04-23T13:39:47Z
W Jaffer,India,,2026-04-23T13:39:47Z
W Madhevere,Zimbabwe,,2026-04-23T13:39:47Z
W O'Rourke,,,2026-04-23T13:39:47Z
WA Young,New Zealand,,2026-04-23T13:39:47Z
Wahab Riaz,Pakistan,,2026-04-23T13:39:47Z
Waqar Younis,Pakistan,,2026-04-23T13:39:47Z
Washington Sundar,India,,2026-04-23T13:39:47Z
WB Rankin,Ireland,,2026-04-23T13:39:47Z
WD Parnell,South Africa,,2026-04-23T13:39:47Z
WER Somerville,New Zealand,,2026-04-23T13:39:47Z
WG Jacks,England,,2026-04-23T13:39:47Z
WJ Pucovski,Australia,,2026-04-23T13:39:47Z
WP Masakadza,Zimbabwe,,2026-04-23T13:39:47Z
WP Saha,India,,2026-04-23T13:39:47Z
WPUJC Vaas,Sri Lanka,,2026-04-23T13:39:47Z
WRS de Silva,Sri Lanka,,2026-04-23T13:39:47Z
WTS Porterfield,Ireland,,2026-04-23T13:39:47Z
WU Tharanga,Sri Lanka,,2026-04-23T13:39:47Z
WW Hinds,West Indies,,2026-04-23T13:39:47Z
XJ Doherty,Australia,,2026-04-23T13:39:47Z
XM Marshall,West Indies,,2026-04-23T13:39:47Z
Yasir Ali,Bangladesh,,2026-04-23T13:39:47Z
Yasir Ali Chowdhury,,,2026-04-23T13:39:47Z
Yasir Arafat,Pakistan,,2026-04-23T13:39:47Z
Yasir Hameed,Pakistan,,2026-04-23T13:39:47Z
Yasir Shah,Pakistan,,2026-04-23T13:39:47Z
YBK Jaiswal,India,,2026-04-23T13:39:47Z
YH Bhatia,,,2026-04-23T13:39:47Z
Younis Khan,Pakistan,,2026-04-23T13:39:47Z
Yousuf Youhana,Pakistan,,2026-04-23T13:39:47Z
Yuvraj Singh,India,,2026-04-23T13:39:47Z
Z Crawley,England,,2026-04-23T13:39:47Z
Z de Bruyn,South Africa,,2026-04-23T13:39:47Z
Z Khan,India,,2026-04-23T13:39:47Z
Zafar Gohar,Pakistan,,2026-04-23T13:39:47Z
Zahid Mahmood,Pakistan,,2026-04-23T13:39:47Z
Zakir Hasan,Bangladesh,,2026-04-23T13:39:47Z
ZGF Foulkes,England,,2026-04-23T13:39:47Z
Ziaur Rahman,Bangladesh,,2026-04-23T13:39:47Z
ZS Ansari,England,,2026-04-23T13:39:47Z
Zubayr Hamza,South Africa,,2026-04-23T13:39:47Z
Zulfiqar Babar,Pakistan,,2026-04-23T13:39:47Z
Zulqarnain Haider,Pakistan,,2026-04-23T13:39:47Z
